{
    "name": "GameObject",
    "position": {
        "x": 173.11,
        "y": 1.48,
        "z": -156.9
    },
    "rotation": {
        "x": -0.7071068,
        "y": 0.0,
        "z": 0.0,
        "w": 0.7071067,
        "eulerAngles": {
            "x": 270.019775,
            "y": 0.0,
            "z": 0.0
        }
    },
    "scale": {
        "x": 100.0,
        "y": 100.0,
        "z": 100.0
    }
}